winner 	  t0_cs_min_0_10 	 t0_cs_min_10_20 	 t0_xp_min_0_10 	 t0_xp_min_10_20 	 t0_gold_min_0_10 	 t0_gold_min_10_20 	 t0_cs_diff_min_0_10 	 t0_cs_diff_min_10_20 	 t0_xp_diff_min_0_10 	 t0_xp_diff_min_10_20 	 t0_dmg_taken_min_0_10 	 t0_dmg_taken_min_10_20 	 t0_dmg_taken_diff_0_10 	 t0_dmg_taken_diff_10_20 	  t0_c0_wr 	 t0_c1_wr 	 t0_c2_wr 	 t0_c3_wr 	 t0_c4_wr 	  t1_cs_min_0_10 	 t1_cs_min_10_20 	 t1_xp_min_0_10 	 t1_xp_min_10_20 	 t1_gold_min_0_10 	 t1_gold_min_10_20 	 t1_cs_diff_min_0_10 	 t1_cs_diff_min_10_20 	 t1_xp_diff_min_0_10 	 t1_xp_diff_min_10_20 	 t1_dmg_taken_min_0_10 	 t1_dmg_taken_min_10_20 	 t1_dmg_taken_diff_0_10 	 t1_dmg_taken_diff_10_20 	  t1_c0_wr 	 t1_c1_wr 	 t1_c2_wr 	 t1_c3_wr 	 t1_c4_wr
0	  14.2	 17.099999999999998	 1511.8999999999999	 2060.5	 1120.9	 1845.4999999999998	 -4.199999999999999	 -3.1999999999999993	 -192.19999999999996	 -249.70000000000002	 1885.9	 3858.8999999999996	 -70.20000000000006	 -312.6	  0.5041272612638829 	 0.4866666666666667 	 0.5108397124992695 	 0.49489295944519823 	 0.5030250161803191 	  18.4	 20.3	 1704.1	 2310.2	 1199.5	 2270.2999999999997	 4.2	 3.199999999999999	 192.19999999999996	 249.70000000000002	 1956.1	 4171.5	 70.20000000000006	 312.6  0.4966600122850123 	 0.5117268165009845 	 0.523247090506877 	 0.5092912519553745 	 0.5169163294444313 	
1	  16.0	 16.1	 1707.1	 2010.0	 1274.5	 1830.4999999999998	 0.7999999999999998	 1.099999999999999	 167.4	 -146.89999999999995	 1606.3999999999999	 3576.0000000000005	 -254.79999999999998	 -166.10000000000008	  0.4901443909663088 	 0.4853440822241436 	 0.5368302834115082 	 0.5019054432893354 	 0.5267802630848643 	  16.8	 18.0	 1535.9	 2186.3	 1167.3	 1873.7000000000003	 -0.7999999999999998	 -1.099999999999999	 -167.4	 146.89999999999995	 1704.5000000000002	 3375.8	 254.79999999999998	 166.10000000000008  0.5272148200763 	 0.5011879292206948 	 0.511942157712305 	 0.48110957004160887 	 0.5092912519553745 	
1	  20.099999999999998	 27.9	 1719.6	 2214.7999999999997	 1127.4	 1933.9999999999998	 3.099999999999999	 6.199999999999999	 -69.30000000000004	 199.29999999999993	 2158.2	 3323.3999999999996	 24.200000000000045	 549.1999999999998	  0.5117268165009845 	 0.5041272612638829 	 0.536162874105276 	 0.5443243682457138 	 0.46695837081867997 	  17.0	 21.7	 1788.9	 2015.5	 1299.8	 1518.1	 -3.099999999999999	 -6.2	 69.30000000000004	 -199.29999999999993	 2134.0	 2774.2000000000003	 -24.200000000000045	 -549.1999999999998  0.4760352760736196 	 0.4837743384922616 	 0.45559968890617186 	 0.5034008371291395 	 0.4853440822241436 	
0	  20.5	 27.299999999999997	 1711.3999999999999	 2323.0	 1176.6	 1989.7	 0.9999999999999996	 5.799999999999999	 -102.69999999999999	 147.89999999999995	 1982.6999999999998	 3360.0000000000005	 358.30000000000007	 -310.70000000000016	  0.5038567065279288 	 0.4892666762714306 	 0.4851501158883878 	 0.5223905169575239 	 0.4845448992058644 	  19.500000000000004	 21.5	 1814.1	 2175.1	 1257.1	 1708.4	 -0.9999999999999993	 -5.8	 102.69999999999997	 -147.89999999999995	 1624.4	 3670.7000000000003	 -358.30000000000007	 310.7000000000001  0.46695837081867997 	 0.5180571444712795 	 0.47412895719796705 	 0.4853440822241436 	 0.51785023049583 	
1	  17.9	 21.2	 1808.6000000000001	 1917.3999999999999	 1317.7999999999997	 1876.5	 5.9	 6.1	 255.5	 -331.1000000000001	 2313.1	 3186.9	 441.8	 699.3000000000001	  0.5156743666874776 	 0.4877646087623091 	 0.49782923299565845 	 0.5307132571025301 	 0.5314717679728479 	  12.0	 15.100000000000001	 1553.1	 2248.5	 1077.3999999999999	 1672.2	 -5.9	 -6.1	 -255.5	 331.1	 1871.3	 2487.6	 -441.8	 -699.3000000000002  0.48520973761907416 	 0.5180571444712795 	 0.4837743384922616 	 0.5213803130077824 	 0.5019054432893354 	
0	  16.200000000000003	 16.699999999999996	 1697.3	 2370.2000000000003	 1194.2	 2366.9	 3.5000000000000004	 2.299999999999999	 255.30000000000007	 249.40000000000003	 2032.3999999999999	 3681.0	 104.1	 45.900000000000034	  0.5022769890168765 	 0.4851501158883878 	 0.5180571444712795 	 0.4901443909663088 	 0.5071704113784269 	  16.1	 16.0	 1600.8000000000002	 1934.1	 1145.2	 1688.6	 -3.500000000000001	 -2.299999999999999	 -255.30000000000007	 -249.40000000000003	 1839.8999999999999	 3930.9	 -104.1	 -45.90000000000006  0.4853440822241436 	 0.5091642563556097 	 0.4837743384922616 	 0.5061780388204947 	 0.5011514821442464 	
0	  17.2	 18.6	 1701.7999999999997	 2315.9	 1110.7	 1809.8000000000002	 -5.800000000000001	 -1.6999999999999993	 -118.8000000000001	 202.89999999999998	 1823.3999999999999	 3297.3	 384.39999999999986	 -68.79999999999998	  0.5011514821442464 	 0.4837743384922616 	 0.4904249596557289 	 0.5309594460929773 	 0.5011879292206948 	  22.999999999999996	 20.3	 1820.6000000000004	 2113.0	 1244.5	 1957.6000000000001	 5.800000000000001	 1.699999999999999	 118.8000000000001	 -202.89999999999998	 1439.0	 3366.1	 -384.39999999999986	 68.79999999999998  0.4853440822241436 	 0.4933234083278898 	 0.5019054432893354 	 0.5142919964819701 	 0.48520973761907416 	
1	  19.799999999999997	 20.6	 1799.6	 2391.9	 1310.6	 2294.6	 1.7999999999999996	 0.30000000000000115	 214.70000000000005	 295.5000000000001	 2280.4	 4078.2	 399.2	 698.9000000000003	  0.5051748899148992 	 0.5314717679728479 	 0.4853440822241436 	 0.4933234083278898 	 0.50702924576706 	  18.0	 20.3	 1584.9	 2096.4	 1115.0	 1751.9	 -1.7999999999999996	 -0.30000000000000115	 -214.70000000000005	 -295.5000000000001	 1881.1999999999998	 3379.3	 -399.2	 -698.9000000000001  0.47626515471379455 	 0.5349685920519321 	 0.5117268165009845 	 0.4932423651721897 	 0.5011879292206948 	
0	  18.799999999999997	 20.1	 1756.1999999999998	 2196.2	 1419.2	 2066.2	 1.3999999999999995	 -2.4999999999999987	 -52.10000000000002	 184.09999999999997	 2200.9	 3009.5	 -131.39999999999992	 -418.4999999999999	  0.5216623414071511 	 0.5030250161803191 	 0.49782923299565845 	 0.5058192490638599 	 0.5038567065279288 	  17.4	 22.6	 1808.2999999999997	 2012.1	 1407.4	 1914.9	 -1.3999999999999995	 2.4999999999999987	 52.10000000000002	 -184.09999999999997	 2332.3	 3428.0	 131.39999999999992	 418.4999999999999  0.51785023049583 	 0.5117268165009845 	 0.5091642563556097 	 0.5208914699449431 	 0.5033755969043306 	
0	  21.0	 16.099999999999998	 1750.2	 1863.8000000000002	 1374.1	 1998.5	 -0.9000000000000007	 -1.3000000000000005	 60.80000000000001	 -119.39999999999989	 2374.6	 4682.2	 412.9	 742.1000000000001	  0.4933234083278898 	 0.4946713827991318 	 0.46435320391685275 	 0.479976020594078 	 0.5314717679728479 	  21.900000000000002	 17.4	 1689.4	 1983.2	 1257.3	 1964.1	 0.9000000000000008	 1.3000000000000007	 -60.80000000000001	 119.39999999999989	 1961.7000000000003	 3940.1	 -412.9	 -742.1000000000001  0.48550792608573307 	 0.5120610951258032 	 0.4762290990766159 	 0.4932591889325919 	 0.4678450125134072 	
0	  16.6	 16.7	 1654.6	 1933.0000000000002	 953.8000000000001	 1521.8000000000002	 -4.9	 -7.6	 -345.0999999999999	 -502.1	 2132.3	 3640.5	 624.4	 538.6999999999998	  0.49138806663184165 	 0.5015551625297311 	 0.5091642563556097 	 0.479976020594078 	 0.4851501158883878 	  21.5	 24.299999999999997	 1999.7	 2435.1	 1505.1	 2610.9	 4.9	 7.6000000000000005	 345.0999999999999	 502.1	 1507.9	 3101.8	 -624.4	 -538.6999999999998  0.5216623414071511 	 0.5011879292206948 	 0.5038567065279288 	 0.5333229280474481 	 0.5061780388204947 	
1	  18.799999999999997	 26.2	 1810.4	 2097.2	 1215.3999999999999	 1951.1	 -2.8999999999999995	 3.3999999999999995	 24.299999999999926	 207.90000000000003	 1440.9	 1944.5	 -247.99999999999991	 -104.10000000000001	  0.48550792608573307 	 0.51785023049583 	 0.499486301369863 	 0.5309594460929773 	 0.5041272612638829 	  21.7	 22.799999999999997	 1786.1	 1889.3	 1131.5	 1421.2	 2.8999999999999995	 -3.3999999999999995	 -24.299999999999926	 -207.90000000000003	 1688.9	 2048.6	 247.99999999999991	 104.10000000000001  0.5223905169575239 	 0.5022769890168765 	 0.4477634011090573 	 0.5030250161803191 	 0.5011879292206948 	
1	  16.3	 17.7	 1701.1000000000001	 2066.4	 1108.0	 1866.3	 1.2000000000000004	 2.7000000000000006	 -56.79999999999998	 156.90000000000012	 1876.3	 3556.5	 28.899999999999935	 624.9	  0.4867730681537236 	 0.4913516782582401 	 0.5164560029075637 	 0.4851501158883878 	 0.4837743384922616 	  15.1	 15.0	 1757.8999999999999	 1909.5	 1104.3000000000002	 1998.5	 -1.2000000000000004	 -2.7	 56.79999999999998	 -156.9000000000001	 1847.4	 2931.6	 -28.899999999999935	 -624.9  0.5011879292206948 	 0.5142919964819701 	 0.4762290990766159 	 0.5031076295236532 	 0.5092912519553745 	
0	  18.8	 19.400000000000002	 1778.9	 1759.7	 1244.8999999999999	 1452.0	 -0.49999999999999956	 -4.900000000000001	 -50.60000000000002	 -509.30000000000007	 1796.6000000000001	 3385.7	 -81.30000000000007	 467.79999999999995	  0.5000104898772685 	 0.48148148148148145 	 0.4922352259809554 	 0.5011879292206948 	 0.51785023049583 	  19.299999999999997	 24.3	 1829.5	 2269.0	 1224.3	 2184.6000000000004	 0.4999999999999998	 4.9	 50.60000000000002	 509.3	 1877.9	 2917.8999999999996	 81.30000000000007	 -467.79999999999995  0.4851501158883878 	 0.5443243682457138 	 0.5161412664219182 	 0.5053689427312775 	 0.5162294492155114 	
0	  17.8	 22.6	 1840.5	 2235.5	 1322.6	 1901.1000000000001	 -2.5999999999999988	 -0.6999999999999997	 133.2	 -41.0	 2496.3	 4011.8	 462.99999999999994	 429.4	  0.4933234083278898 	 0.5038567065279288 	 0.4904249596557289 	 0.49489295944519823 	 0.4678450125134072 	  20.4	 23.299999999999997	 1707.3	 2276.5	 1236.3999999999999	 2061.8	 2.5999999999999988	 0.6999999999999993	 -133.2	 41.0	 2033.3	 3582.4000000000005	 -462.99999999999994	 -429.4  0.5032257135451168 	 0.4477634011090573 	 0.514955600560835 	 0.5117268165009845 	 0.4587053847485716 	
1	  18.0	 19.900000000000002	 1836.8999999999999	 2436.9	 1244.0	 2342.2000000000003	 2.3000000000000003	 1.9	 120.4	 263.9	 2177.2	 5162.900000000001	 82.9999999999999	 1219.8	  0.5164560029075637 	 0.5172697569441616 	 0.5015551625297311 	 0.4946713827991318 	 0.5278137128072445 	  15.7	 18.0	 1716.5	 2173.0	 1076.3999999999999	 1806.5	 -2.3000000000000003	 -1.9	 -120.4	 -263.9	 2094.2	 3943.1	 -82.9999999999999	 -1219.8  0.4853440822241436 	 0.47626515471379455 	 0.523247090506877 	 0.5038567065279288 	 0.5142919964819701 	
1	  20.2	 26.6	 1855.8000000000002	 2543.8	 1276.8	 2269.5	 0.20000000000000082	 4.000000000000001	 174.79999999999993	 212.2000000000001	 2346.3	 3601.6000000000004	 243.2	 -377.09999999999997	  0.47992692395524095 	 0.5092912519553745 	 0.48752128913926374 	 0.5044402092372572 	 0.4477634011090573 	  20.0	 22.599999999999998	 1681.0	 2331.6	 1175.5	 1828.5	 -0.20000000000000084	 -4.0	 -174.79999999999993	 -212.2000000000001	 2103.1	 3978.7	 -243.20000000000005	 377.1  0.5032257135451168 	 0.49023043897310087 	 0.5038567065279288 	 0.5164560029075637 	 0.47818049778834093 	
0	  15.0	 20.4	 1636.6000000000001	 2221.1000000000004	 1203.1999999999998	 1844.3999999999999	 -2.1999999999999993	 -2.7999999999999994	 -171.49999999999997	 -317.29999999999995	 2142.9	 3529.0	 277.7	 260.8999999999999	  0.5051748899148992 	 0.5156743666874776 	 0.5349685920519321 	 0.4851501158883878 	 0.45439506393633194 	  17.199999999999996	 23.199999999999996	 1808.1	 2538.4	 1356.7	 2199.6000000000004	 2.1999999999999993	 2.7999999999999994	 171.49999999999997	 317.29999999999995	 1865.1999999999998	 3268.1000000000004	 -277.7	 -260.9  0.5011514821442464 	 0.5041272612638829 	 0.5038567065279288 	 0.5079325177364393 	 0.48550792608573307 	
0	  15.899999999999999	 17.299999999999997	 1735.4	 2062.2	 1479.6	 1898.4	 -0.2999999999999996	 -4.499999999999998	 208.89999999999998	 -403.4	 2171.0	 3724.6	 73.09999999999985	 178.0	  0.46435320391685275 	 0.51785023049583 	 0.49782923299565845 	 0.5169163294444313 	 0.4933234083278898 	  16.200000000000003	 21.799999999999997	 1526.5	 2465.6	 1189.0	 2301.4	 0.2999999999999996	 4.499999999999999	 -208.9	 403.4	 2097.9	 3546.6	 -73.09999999999987	 -177.99999999999994  0.4477634011090573 	 0.5117268165009845 	 0.4587053847485716 	 0.48520973761907416 	 0.4837743384922616 	
0	  20.2	 20.9	 1883.4	 1973.3999999999996	 1233.1	 1638.1	 -2.9	 -3.5	 158.4	 -390.80000000000007	 1467.8	 3362.0	 236.89999999999995	 664.3999999999999	  0.47818049778834093 	 0.5178409309747173 	 0.51785023049583 	 0.4946713827991318 	 0.49138806663184165 	  23.1	 24.4	 1725.0	 2364.2	 1110.8	 2143.0	 2.9	 3.5	 -158.39999999999998	 390.80000000000007	 1230.8999999999999	 2697.6000000000004	 -236.89999999999992	 -664.3999999999999  0.4933234083278898 	 0.470348239991898 	 0.5309594460929773 	 0.5030250161803191 	 0.5092912519553745 	
0	  13.399999999999999	 14.1	 1610.1000000000001	 2175.2	 1169.5	 1820.7000000000003	 -6.700000000000001	 -7.1000000000000005	 -100.80000000000001	 312.10000000000014	 2043.6000000000004	 2962.4999999999995	 -55.299999999999955	 -1056.5000000000005	  0.5156743666874776 	 0.4913516782582401 	 0.5034008371291395 	 0.4851501158883878 	 0.5120610951258032 	  20.1	 21.2	 1710.9	 1863.1	 1399.0	 1834.1	 6.700000000000001	 7.1	 100.80000000000001	 -312.10000000000014	 2098.8999999999996	 4019.0	 55.299999999999955	 1056.5000000000002  0.5030250161803191 	 0.4922352259809554 	 0.45439506393633194 	 0.4869932405817196 	 0.48790092388708306 	
0	  19.4	 23.5	 1836.6999999999998	 1887.8	 1181.5	 1761.7	 -2.1	 -0.399999999999999	 77.00000000000003	 -276.5999999999999	 2043.8	 3089.9	 231.79999999999995	 311.2000000000003	  0.46435320391685275 	 0.5019054432893354 	 0.5011879292206948 	 0.530737561928686 	 0.4873607730978985 	  21.5	 23.9	 1759.6999999999998	 2164.3999999999996	 1271.6999999999998	 1959.8000000000002	 2.0999999999999996	 0.399999999999999	 -77.00000000000003	 276.5999999999999	 1812.0	 2778.7	 -231.79999999999995	 -311.2000000000003  0.47926480809328903 	 0.5030250161803191 	 0.4853440822241436 	 0.5172697569441616 	 0.499486301369863 	
1	  16.200000000000003	 21.299999999999997	 1840.2	 2200.0	 1243.8000000000002	 2099.5	 -3.6000000000000005	 1.0999999999999985	 114.10000000000002	 264.9000000000001	 2017.9	 3832.8999999999996	 119.3000000000001	 470.29999999999995	  0.5216623414071511 	 0.4932423651721897 	 0.4600315771007543 	 0.5309594460929773 	 0.5349685920519321 	  19.8	 20.200000000000003	 1726.1000000000001	 1935.1	 1160.6	 1891.6000000000001	 3.5999999999999996	 -1.0999999999999988	 -114.10000000000002	 -264.9000000000001	 1898.6	 3362.6000000000004	 -119.30000000000013	 -470.29999999999995  0.4867730681537236 	 0.47658779576587795 	 0.4933234083278898 	 0.4853440822241436 	 0.5272148200763 	
0	  18.7	 22.599999999999998	 1762.8000000000002	 2036.5000000000002	 1286.0	 1878.4	 -2.0999999999999996	 -0.5	 92.89999999999992	 -241.69999999999996	 1535.8000000000002	 3064.7000000000003	 -420.29999999999995	 -717.4999999999999	  0.522193607029238 	 0.45348447888267085 	 0.5120610951258032 	 0.4678450125134072 	 0.4808620233320439 	  20.8	 23.099999999999998	 1669.9	 2278.2	 1180.5	 1926.8000000000002	 2.0999999999999996	 0.5	 -92.89999999999992	 241.69999999999996	 1956.1	 3782.2000000000003	 420.29999999999995	 717.4999999999999  0.5008409014463505 	 0.5011879292206948 	 0.4477634011090573 	 0.47926480809328903 	 0.51785023049583 	
1	  17.9	 24.6	 1765.2	 2421.7	 1179.7	 2114.7999999999997	 -3.2000000000000006	 6.500000000000001	 -46.300000000000026	 373.00000000000006	 2065.5	 3141.2000000000003	 125.30000000000001	 -629.0999999999997	  0.4808620233320439 	 0.4933234083278898 	 0.4477634011090573 	 0.5091642563556097 	 0.4678450125134072 	  21.099999999999998	 18.1	 1811.5000000000002	 2048.7	 1252.3	 1696.7	 3.1999999999999997	 -6.500000000000001	 46.300000000000054	 -372.99999999999994	 1940.1999999999998	 3770.2999999999997	 -125.30000000000001	 629.0999999999997  0.5041272612638829 	 0.47412895719796705 	 0.50702924576706 	 0.5169163294444313 	 0.5307132571025301 	
0	  17.200000000000003	 16.8	 1701.0	 1834.8	 1139.6	 1871.1999999999998	 -2.5999999999999996	 -3.9000000000000004	 63.699999999999946	 -102.1999999999999	 1674.6	 2918.6	 12.20000000000006	 -298.0999999999998	  0.5041272612638829 	 0.5180571444712795 	 0.5217391304347826 	 0.507259340810569 	 0.4932591889325919 	  19.8	 20.7	 1637.3	 1937.0	 1250.5	 1802.3000000000002	 2.5999999999999996	 3.9000000000000004	 -63.699999999999946	 102.1999999999999	 1662.4	 3216.7000000000003	 -12.200000000000088	 298.0999999999998  0.5061780388204947 	 0.5267802630848643 	 0.479976020594078 	 0.5208914699449431 	 0.4853440822241436 	
0	  16.8	 22.3	 1648.8999999999999	 2138.3	 1117.1	 1582.1999999999998	 -1.7999999999999987	 2.2	 -188.50000000000006	 -54.19999999999999	 1974.6999999999998	 3392.0999999999995	 -113.70000000000002	 423.9999999999999	  0.5053689427312775 	 0.4851501158883878 	 0.5015551625297311 	 0.50702924576706 	 0.48790092388708306 	  18.6	 20.099999999999998	 1837.4	 2192.5	 1318.6000000000001	 1918.4	 1.7999999999999983	 -2.2	 188.50000000000009	 54.199999999999974	 2088.4	 2968.1	 113.70000000000003	 -423.9999999999999  0.5065880189980083 	 0.5041272612638829 	 0.5011514821442464 	 0.507259340810569 	 0.5058192490638599 	
1	  21.799999999999997	 23.4	 1869.0	 2012.5	 1217.1999999999998	 1987.1999999999998	 1.100000000000001	 0.19999999999999996	 124.3000000000001	 -420.40000000000003	 1921.8999999999999	 3862.3	 -77.50000000000004	 939.8999999999999	  0.5164560029075637 	 0.5314717679728479 	 0.49782923299565845 	 0.51785023049583 	 0.5108397124992695 	  20.7	 23.2	 1744.6999999999998	 2432.8999999999996	 1211.7	 2108.1000000000004	 -1.1000000000000012	 -0.19999999999999996	 -124.3000000000001	 420.40000000000003	 1999.4	 2922.4	 77.50000000000006	 -939.8999999999999  0.4933234083278898 	 0.5443243682457138 	 0.5032257135451168 	 0.45439506393633194 	 0.5065880189980083 	
0	  17.900000000000002	 22.700000000000003	 1672.4	 2257.2	 1224.8999999999999	 1901.1999999999998	 -0.10000000000000053	 2.100000000000001	 43.59999999999992	 179.1	 1997.8000000000002	 3619.5	 240.69999999999993	 827.0	  0.4853440822241436 	 0.48550792608573307 	 0.5091642563556097 	 0.5238912879127638 	 0.479976020594078 	  18.0	 20.6	 1628.8000000000002	 2078.1000000000004	 1207.4	 1729.5	 0.10000000000000053	 -2.100000000000001	 -43.59999999999992	 -179.1	 1757.1000000000001	 2792.5	 -240.69999999999993	 -827.0  0.5061780388204947 	 0.470348239991898 	 0.5065880189980083 	 0.4762290990766159 	 0.51785023049583 	
1	  13.999999999999998	 19.6	 1752.9	 2064.5	 1256.1000000000001	 1727.0	 -2.5	 0.30000000000000004	 116.70000000000005	 -47.29999999999998	 1833.6000000000001	 3679.2000000000003	 -376.89999999999986	 55.0	  0.5180571444712795 	 0.4866666666666667 	 0.5162294492155114 	 0.5011879292206948 	 0.5172697569441616 	  16.5	 19.3	 1636.2000000000003	 2111.8	 1062.1	 1742.8000000000002	 2.5	 -0.30000000000000027	 -116.70000000000005	 47.29999999999998	 2210.5	 3624.2	 376.8999999999999	 -55.00000000000006  0.4851501158883878 	 0.49143478553330794 	 0.5349685920519321 	 0.5164560029075637 	 0.4845448992058644 	
0	  17.6	 20.7	 1565.8000000000002	 2221.5	 1056.3	 1663.3	 -2.4000000000000012	 -5.799999999999999	 -254.29999999999998	 -154.20000000000005	 1915.3999999999999	 3807.3	 -47.70000000000004	 -71.60000000000008	  0.5051748899148992 	 0.47412895719796705 	 0.4853440822241436 	 0.5368302834115082 	 0.5011514821442464 	  20.0	 26.5	 1820.1000000000001	 2375.7	 1392.3	 2464.2	 2.4000000000000012	 5.799999999999999	 254.29999999999995	 154.20000000000005	 1963.1	 3878.9	 47.700000000000045	 71.60000000000008  0.47445529676934634 	 0.530737561928686 	 0.5033755969043306 	 0.46251812375093065 	 0.5091642563556097 	
0	  14.5	 12.200000000000001	 1536.2	 1667.1	 998.2	 1292.9	 1.2999999999999998	 -9.2	 -157.60000000000008	 -887.3	 1757.4	 3476.2	 -15.399999999999892	 374.6000000000001	  0.4587053847485716 	 0.5213803130077824 	 0.5174197326046648 	 0.5164560029075637 	 0.479976020594078 	  13.200000000000001	 21.400000000000002	 1693.8000000000002	 2554.4	 1025.9	 2394.5	 -1.2999999999999994	 9.2	 157.6000000000001	 887.3	 1772.8	 3101.6	 15.399999999999892	 -374.6  0.5180571444712795 	 0.49782923299565845 	 0.50702924576706 	 0.4904249596557289 	 0.48550792608573307 	
0	  14.9	 19.4	 1556.7000000000003	 1910.0	 1070.1	 1458.6999999999998	 -4.799999999999999	 -2.5	 -325.09999999999997	 -570.0999999999999	 1561.4	 3514.8	 -140.69999999999993	 192.10000000000016	  0.4762290990766159 	 0.4760352760736196 	 0.5162294492155114 	 0.5022769890168765 	 0.5011879292206948 	  19.7	 21.9	 1881.7999999999997	 2480.1	 1323.3	 2231.3	 4.799999999999999	 2.5	 325.09999999999997	 570.0999999999999	 1702.1	 3322.7	 140.69999999999993	 -192.10000000000016  0.5038567065279288 	 0.470348239991898 	 0.5091642563556097 	 0.4869932405817196 	 0.48110957004160887 	
0	  21.4	 23.000000000000004	 1792.1	 1847.5	 1155.4	 1867.7999999999997	 -0.30000000000000066	 5.300000000000001	 -53.40000000000006	 -70.59999999999997	 1829.7000000000003	 3671.7000000000003	 444.1000000000002	 750.4000000000001	  0.5307132571025301 	 0.4851501158883878 	 0.49489295944519823 	 0.530737561928686 	 0.5091642563556097 	  21.7	 17.7	 1845.5	 1918.1000000000001	 1323.8	 1883.3000000000002	 0.30000000000000066	 -5.300000000000001	 53.40000000000006	 70.6	 1385.6	 2921.2999999999997	 -444.1000000000002	 -750.4000000000001  0.470348239991898 	 0.51785023049583 	 0.5368302834115082 	 0.5030250161803191 	 0.5185429589547315 	
1	  20.1	 26.1	 1910.5	 2667.4000000000005	 1406.0000000000002	 2521.4	 1.8999999999999995	 4.999999999999999	 217.69999999999996	 940.3	 2181.6	 3115.3	 38.40000000000006	 -1000.1000000000001	  0.4762290990766159 	 0.47626515471379455 	 0.47445529676934634 	 0.4851501158883878 	 0.49528230267010825 	  18.200000000000003	 21.1	 1692.8	 1727.1	 1201.8	 1423.6999999999998	 -1.899999999999999	 -5.0	 -217.69999999999993	 -940.3	 2143.2	 4115.4	 -38.40000000000006	 1000.1000000000001  0.49138806663184165 	 0.46695837081867997 	 0.470348239991898 	 0.4932591889325919 	 0.4477634011090573 	
0	  20.4	 20.0	 1737.6999999999998	 1779.4999999999998	 1109.6	 1451.3999999999999	 3.8	 -0.9999999999999998	 -59.200000000000045	 -351.20000000000005	 1910.1000000000001	 3122.7999999999997	 161.39999999999992	 931.9000000000001	  0.48148148148148145 	 0.5172697569441616 	 0.5174197326046648 	 0.48520973761907416 	 0.5314717679728479 	  16.6	 21.0	 1796.9	 2130.7000000000003	 1126.8999999999999	 1903.4	 -3.8	 1.0000000000000002	 59.200000000000045	 351.20000000000005	 1748.6999999999998	 2190.8999999999996	 -161.39999999999992	 -931.9000000000001  0.4853440822241436 	 0.5091642563556097 	 0.51785023049583 	 0.5011514821442464 	 0.5162294492155114 	
0	  22.5	 20.9	 1805.5	 1797.6999999999998	 1274.1	 1557.6999999999998	 3.000000000000001	 -3.8	 -90.39999999999998	 -652.8000000000002	 2328.0	 3633.9	 342.30000000000007	 704.2999999999997	  0.5011879292206948 	 0.4837743384922616 	 0.5061780388204947 	 0.48643282594308407 	 0.5051748899148992 	  19.5	 24.699999999999996	 1895.9	 2450.5	 1316.1	 2249.5	 -3.0000000000000004	 3.8	 90.39999999999998	 652.8000000000002	 1985.7	 2929.6000000000004	 -342.30000000000007	 -704.2999999999997  0.5019054432893354 	 0.530737561928686 	 0.5377383474576272 	 0.4904249596557289 	 0.4853440822241436 	
0	  15.3	 16.5	 1714.5	 1532.8	 1259.3000000000002	 1595.1	 -0.5000000000000002	 -4.6	 22.100000000000037	 -508.99999999999994	 1886.1	 3404.7	 -194.80000000000018	 404.90000000000003	  0.47818049778834093 	 0.46251812375093065 	 0.4806266788098175 	 0.5307132571025301 	 0.5071704113784269 	  15.799999999999999	 21.1	 1692.4	 2041.8	 1140.1	 2047.9	 0.5000000000000002	 4.6	 -22.100000000000037	 508.99999999999994	 2080.9	 2999.8	 194.80000000000018	 -404.90000000000003  0.5314717679728479 	 0.5011879292206948 	 0.5180571444712795 	 0.47626515471379455 	 0.4837743384922616 	
1	  19.7	 20.0	 1844.3	 1858.1	 1690.7	 1941.9	 5.7	 0.9999999999999996	 404.29999999999995	 -353.70000000000005	 2045.6999999999998	 3319.3	 -510.00000000000006	 -218.39999999999992	  0.5065880189980083 	 0.479976020594078 	 0.4867730681537236 	 0.5061780388204947 	 0.4853440822241436 	  13.999999999999998	 19.0	 1440.0	 2211.8	 1034.6	 1736.8000000000002	 -5.7	 -0.9999999999999997	 -404.3	 353.7	 2555.7	 3537.7	 510.0	 218.3999999999999  0.4851501158883878 	 0.5231073817828349 	 0.47445529676934634 	 0.47926480809328903 	 0.46435320391685275 	
1	  17.7	 18.3	 1780.5	 2067.5	 1373.9	 2446.1	 -1.0000000000000013	 -2.4000000000000004	 180.2	 -162.69999999999996	 1723.6	 3116.1000000000004	 -169.3	 -1016.5999999999999	  0.4932591889325919 	 0.5164560029075637 	 0.4869932405817196 	 0.5061780388204947 	 0.470348239991898 	  15.000000000000002	 16.5	 1444.8	 1949.8	 930.6	 1591.1	 1.0000000000000013	 2.4000000000000004	 -180.2	 162.69999999999996	 1790.3000000000002	 4120.0	 169.3	 1016.5999999999999  0.5011879292206948 	 0.49221238938053097 	 0.49143478553330794 	 0.5051748899148992 	 0.5038567065279288 	
0	  16.900000000000002	 20.299999999999997	 1793.5	 1820.1999999999998	 1248.8	 1471.5	 -3.5999999999999996	 -5.800000000000001	 45.60000000000005	 -375.40000000000003	 1788.3	 2602.1000000000004	 123.39999999999999	 -253.59999999999997	  0.4867730681537236 	 0.4946713827991318 	 0.5178409309747173 	 0.51785023049583 	 0.45439506393633194 	  20.5	 26.099999999999998	 1747.9	 2195.6	 1255.5	 2050.2	 3.5999999999999996	 5.800000000000001	 -45.60000000000005	 375.40000000000003	 1664.9	 2855.7	 -123.39999999999999	 253.59999999999997  0.5231073817828349 	 0.49782923299565845 	 0.4837743384922616 	 0.48550792608573307 	 0.4477634011090573 	
0	  19.7	 24.400000000000002	 1742.1	 1951.3	 1172.3000000000002	 1668.3	 -2.2	 -0.2999999999999998	 -183.30000000000007	 -268.29999999999995	 2066.6	 3176.0000000000005	 5.100000000000094	 14.00000000000017	  0.5051748899148992 	 0.5058192490638599 	 0.4922352259809554 	 0.5349685920519321 	 0.5162294492155114 	  21.900000000000002	 24.700000000000003	 1925.4	 2219.6	 1318.7	 1970.6	 2.2	 0.2999999999999998	 183.30000000000007	 268.29999999999995	 2061.5	 3162.0	 -5.100000000000094	 -14.00000000000017  0.4853440822241436 	 0.5079325177364393 	 0.5015551625297311 	 0.4932591889325919 	 0.5169163294444313 	
1	  19.9	 22.4	 1747.9	 2165.2999999999997	 1126.9	 1762.8	 -3.9000000000000012	 -1.2	 -202.99999999999994	 190.6999999999999	 1888.8999999999999	 2638.2000000000003	 28.20000000000003	 -324.7000000000001	  0.523247090506877 	 0.4851501158883878 	 0.5216623414071511 	 0.47412895719796705 	 0.5231073817828349 	  23.8	 23.6	 1950.9	 1974.6000000000001	 1311.5	 1771.6000000000001	 3.9000000000000012	 1.2	 202.99999999999994	 -190.6999999999999	 1860.7	 2962.9	 -28.20000000000003	 324.7000000000001  0.5051748899148992 	 0.4933234083278898 	 0.48790092388708306 	 0.4853440822241436 	 0.4808620233320439 	
1	  19.6	 20.9	 1769.3000000000002	 2066.6	 1181.9	 2028.3	 1.1999999999999995	 0.6999999999999988	 45.29999999999998	 166.40000000000003	 1604.0000000000002	 2400.6	 -150.4	 -1176.8000000000002	  0.4901443909663088 	 0.51785023049583 	 0.5030250161803191 	 0.4837743384922616 	 0.5011879292206948 	  18.4	 20.200000000000003	 1724.0	 1900.1999999999998	 1036.6	 1546.1	 -1.1999999999999993	 -0.6999999999999988	 -45.29999999999998	 -166.40000000000003	 1754.3999999999999	 3577.4	 150.39999999999998	 1176.8000000000002  0.5120610951258032 	 0.4867730681537236 	 0.5172697569441616 	 0.5174197326046648 	 0.499486301369863 	
0	  17.700000000000003	 18.1	 1739.8	 1706.9	 1194.1999999999998	 1677.2	 0.10000000000000098	 -4.7	 21.699999999999918	 -547.2	 2324.2000000000003	 3111.3	 382.4999999999999	 28.80000000000004	  0.4873607730978985 	 0.4867730681537236 	 0.5011514821442464 	 0.49782923299565845 	 0.49143478553330794 	  17.6	 22.8	 1718.1000000000001	 2254.1000000000004	 1195.5	 2038.9	 -0.1000000000000012	 4.699999999999999	 -21.699999999999918	 547.2	 1941.7000000000003	 3082.5	 -382.49999999999994	 -28.80000000000004  0.47818049778834093 	 0.51785023049583 	 0.5053689427312775 	 0.5051748899148992 	 0.520787485874026 	
1	  20.2	 20.5	 1899.6	 2531.5	 1500.3999999999999	 2849.0000000000005	 5.199999999999999	 5.8	 420.79999999999995	 931.4000000000001	 2256.9	 4935.5	 218.9	 -423.80000000000035	  0.5231073817828349 	 0.5041272612638829 	 0.48749928156790623 	 0.5169163294444313 	 0.5015551625297311 	  15.000000000000002	 14.7	 1478.7999999999997	 1600.1	 999.2	 1486.5	 -5.199999999999999	 -5.8	 -420.79999999999995	 -931.4000000000001	 2038.0	 5359.3	 -218.9	 423.80000000000035  0.48110957004160887 	 0.47626515471379455 	 0.530737561928686 	 0.50702924576706 	 0.49138806663184165 	
1	  17.9	 14.5	 1787.3	 2043.1000000000001	 1226.6999999999998	 1887.5	 0.3999999999999999	 -6.200000000000001	 157.2	 -334.5	 2043.1	 4085.0	 38.10000000000008	 619.2000000000002	  0.5091642563556097 	 0.5217391304347826 	 0.5180571444712795 	 0.4946713827991318 	 0.5038567065279288 	  17.5	 20.7	 1630.1000000000001	 2377.6	 1048.9	 2232.8999999999996	 -0.3999999999999999	 6.2	 -157.2	 334.5	 2005.0	 3465.8	 -38.10000000000005	 -619.2  0.49754191352577837 	 0.5019054432893354 	 0.5032257135451168 	 0.5015551625297311 	 0.4760352760736196 	
0	  17.799999999999997	 21.3	 1667.3000000000002	 2344.1000000000004	 1244.7	 1966.1	 -0.1999999999999993	 -1.2000000000000002	 -163.29999999999993	 51.60000000000005	 2081.8	 3654.1	 -90.90000000000006	 -631.0	  0.4808620233320439 	 0.4587053847485716 	 0.49782923299565845 	 0.4904249596557289 	 0.48110957004160887 	  17.999999999999996	 22.5	 1830.5999999999997	 2292.5	 1314.1000000000001	 2065.2000000000003	 0.19999999999999907	 1.2000000000000002	 163.29999999999993	 -51.60000000000005	 2172.7	 4285.1	 90.90000000000006	 631.0  0.47445529676934634 	 0.5238912879127638 	 0.4946713827991318 	 0.5030250161803191 	 0.5443243682457138 	
0	  7.5	 12.1	 1641.0	 2235.5	 940.3000000000001	 1538.8	 -6.299999999999999	 -6.799999999999999	 10.40000000000002	 336.29999999999995	 1918.2	 2528.1000000000004	 252.50000000000006	 -275.10000000000014	  0.4946713827991318 	 0.5238912879127638 	 0.47412895719796705 	 0.5414239482200647 	 0.4873607730978985 	  13.799999999999999	 18.900000000000002	 1630.6	 1899.2	 1169.1000000000001	 1550.0	 6.299999999999999	 6.799999999999999	 -10.40000000000002	 -336.29999999999995	 1665.6999999999998	 2803.2	 -252.50000000000006	 275.1000000000002  0.5213803130077824 	 0.48110957004160887 	 0.5309594460929773 	 0.4867730681537236 	 0.5049051667756703 	
1	  16.5	 20.7	 1764.0000000000002	 2473.2999999999997	 1103.1	 2223.3	 -2.3	 0.7999999999999992	 -138.79999999999998	 141.39999999999998	 1710.2	 4079.8999999999996	 116.30000000000001	 -15.0	  0.5172697569441616 	 0.4762290990766159 	 0.5164560029075637 	 0.4853440822241436 	 0.49489295944519823 	  18.8	 19.9	 1902.7999999999997	 2331.9	 1262.5	 2041.1000000000001	 2.3	 -0.7999999999999992	 138.79999999999998	 -141.39999999999998	 1593.9	 4094.8999999999996	 -116.30000000000001	 15.0  0.4678450125134072 	 0.47818049778834093 	 0.5015551625297311 	 0.507259340810569 	 0.5038567065279288 	
0	  16.700000000000003	 23.500000000000004	 1662.4	 2289.2000000000003	 1057.6	 1894.1	 -0.2999999999999996	 4.9	 -27.299999999999983	 270.3000000000001	 1433.0	 2619.6	 -447.99999999999994	 -354.19999999999993	  0.4867730681537236 	 0.5065635255508674 	 0.5213803130077824 	 0.49023043897310087 	 0.4913516782582401 	  17.0	 18.599999999999998	 1689.6999999999998	 2018.9	 1138.2	 1969.2	 0.2999999999999996	 -4.9	 27.299999999999983	 -270.3000000000002	 1880.9999999999998	 2973.8	 448.0	 354.19999999999993  0.4853440822241436 	 0.5061780388204947 	 0.5180571444712795 	 0.5030250161803191 	 0.4932591889325919 	
1	  20.099999999999998	 21.2	 1794.6	 2465.2	 1421.6999999999998	 2404.0	 5.8999999999999995	 -0.39999999999999947	 129.60000000000002	 -2.5000000000000853	 2032.1	 4062.0999999999995	 -270.19999999999993	 -627.4999999999999	  0.46435320391685275 	 0.5223905169575239 	 0.5030250161803191 	 0.4853440822241436 	 0.4837743384922616 	  14.200000000000001	 21.6	 1665.0	 2467.7	 1189.5	 1999.8	 -5.8999999999999995	 0.39999999999999936	 -129.60000000000002	 2.5000000000000853	 2302.3	 4689.6	 270.19999999999993	 627.4999999999999  0.470348239991898 	 0.45559968890617186 	 0.5038567065279288 	 0.5051748899148992 	 0.5008409014463505 	
1	  19.3	 21.0	 1706.8	 2120.7	 1320.8999999999999	 1859.0	 3.2	 4.300000000000001	 149.90000000000003	 131.20000000000005	 1665.1	 3680.3	 -221.40000000000003	 189.10000000000008	  0.5051748899148992 	 0.4867730681537236 	 0.5019054432893354 	 0.5060474641609445 	 0.4932423651721897 	  15.7	 17.8	 1598.6	 2384.7999999999997	 1144.0	 2046.9	 -3.2	 -4.300000000000001	 -149.90000000000003	 -131.20000000000005	 1835.9	 3611.8999999999996	 221.40000000000003	 -189.10000000000008  0.5011879292206948 	 0.5169163294444313 	 0.5015551625297311 	 0.5038567065279288 	 0.48790092388708306 	
1	  19.700000000000003	 17.4	 1744.0	 2232.4	 1471.2	 2410.2	 1.8000000000000005	 -3.0	 -69.89999999999995	 7.700000000000017	 1879.8999999999999	 3441.5	 -149.30000000000007	 -696.8	  0.4901443909663088 	 0.5058192490638599 	 0.5092912519553745 	 0.4932423651721897 	 0.47412895719796705 	  17.9	 20.400000000000002	 1813.9	 2224.7	 1400.3	 1954.1000000000001	 -1.8000000000000003	 3.0	 69.89999999999995	 -7.700000000000017	 2029.2000000000003	 4138.3	 149.30000000000007	 696.8000000000002  0.49143478553330794 	 0.48520973761907416 	 0.5120610951258032 	 0.530737561928686 	 0.4851501158883878 	
1	  17.5	 23.5	 1754.7000000000003	 2189.9	 1383.1	 1957.5	 -0.9000000000000011	 3.7999999999999994	 20.000000000000057	 305.6	 1938.9	 2646.3	 -225.60000000000002	 -802.8999999999999	  0.5092912519553745 	 0.5309594460929773 	 0.5041272612638829 	 0.47412895719796705 	 0.5223905169575239 	  18.400000000000002	 19.7	 1734.6999999999998	 1884.3	 1209.9	 1650.0	 0.9000000000000011	 -3.8	 -20.000000000000057	 -305.6	 2164.5	 3449.2	 225.60000000000002	 802.8999999999999  0.5038567065279288 	 0.4922352259809554 	 0.5314717679728479 	 0.4966600122850123 	 0.5180571444712795 	
1	  21.0	 24.0	 1760.1000000000001	 2216.9999999999995	 1239.8	 1750.4	 -2.5000000000000013	 -3.7	 -16.500000000000057	 -45.59999999999991	 1852.1999999999998	 3228.2000000000003	 -145.89999999999998	 -103.39999999999986	  0.5058192490638599 	 0.48520973761907416 	 0.5314717679728479 	 0.48752128913926374 	 0.5038567065279288 	  23.5	 27.700000000000003	 1776.6	 2262.6	 1169.0	 1805.1000000000001	 2.5000000000000013	 3.7	 16.500000000000057	 45.59999999999991	 1998.1000000000001	 3331.6	 145.89999999999998	 103.39999999999986  0.4851501158883878 	 0.47658779576587795 	 0.5061780388204947 	 0.4877646087623091 	 0.5117268165009845 	
0	  15.5	 15.400000000000002	 1601.0	 2196.7000000000003	 1013.0	 1754.3	 0.49999999999999956	 -2.9000000000000017	 -139.9	 -233.69999999999996	 1739.7000000000003	 3743.1000000000004	 -126.49999999999993	 139.10000000000002	  0.4932423651721897 	 0.45348447888267085 	 0.4873607730978985 	 0.48550792608573307 	 0.5349685920519321 	  15.0	 18.300000000000004	 1740.9	 2430.3999999999996	 1093.0	 2114.3	 -0.49999999999999956	 2.900000000000001	 139.9	 233.6999999999999	 1866.2	 3604.0	 126.49999999999994	 -139.10000000000002  0.5061780388204947 	 0.5051748899148992 	 0.4808620233320439 	 0.523247090506877 	 0.4851501158883878 	
0	  19.9	 26.700000000000003	 1798.8000000000002	 2261.1	 1204.2	 2109.0	 -1.6	 2.8000000000000016	 70.09999999999997	 113.89999999999995	 1815.1	 3065.0	 122.80000000000003	 -58.0	  0.4873607730978985 	 0.5030250161803191 	 0.5092912519553745 	 0.4853440822241436 	 0.49528230267010825 	  21.5	 23.9	 1728.6999999999998	 2147.2	 1245.4	 1573.5	 1.6	 -2.8000000000000016	 -70.09999999999997	 -113.89999999999995	 1692.3	 3123.0	 -122.80000000000003	 58.0  0.5022769890168765 	 0.51785023049583 	 0.4946713827991318 	 0.5008409014463505 	 0.47626515471379455 	
1	  19.6	 19.8	 1764.4	 2379.2	 1193.8	 2216.5	 3.2999999999999994	 2.0999999999999996	 29.50000000000007	 299.9	 2039.9	 4380.8	 -42.19999999999993	 -543.5999999999999	  0.470348239991898 	 0.5172697569441616 	 0.50702924576706 	 0.5208914699449431 	 0.49143478553330794 	  16.3	 17.7	 1734.9	 2079.3	 1189.5	 1503.1	 -3.2999999999999994	 -2.0999999999999996	 -29.50000000000007	 -299.90000000000003	 2082.1	 4924.4	 42.19999999999993	 543.5999999999998  0.5162294492155114 	 0.5044402092372572 	 0.4853440822241436 	 0.4932591889325919 	 0.48148148148148145 	
1	  16.299999999999997	 19.1	 1921.1	 2764.8999999999996	 1371.8999999999999	 2534.9	 -2.3999999999999995	 -1.4999999999999993	 288.9	 617.7	 1983.7	 3516.6000000000004	 -280.79999999999995	 -726.6	  0.5053689427312775 	 0.51785023049583 	 0.47818049778834093 	 0.5091642563556097 	 0.5032257135451168 	  18.699999999999996	 20.6	 1632.2	 2147.2	 1158.0	 1706.9	 2.3999999999999995	 1.4999999999999993	 -288.9	 -617.7000000000002	 2264.5000000000005	 4243.200000000001	 280.79999999999995	 726.5999999999999  0.5030250161803191 	 0.4901443909663088 	 0.4932591889325919 	 0.4851501158883878 	 0.530737561928686 	
1	  20.3	 20.4	 2030.4	 2112.0	 1523.7999999999997	 2044.8000000000002	 1.5	 -0.7000000000000011	 413.30000000000007	 40.30000000000004	 2055.5	 3105.1000000000004	 -271.0000000000001	 -367.1	  0.4760352760736196 	 0.507259340810569 	 0.5049051667756703 	 0.5011879292206948 	 0.5443243682457138 	  18.8	 21.1	 1617.1000000000001	 2071.7000000000003	 1096.2	 1656.1000000000001	 -1.5	 0.7000000000000011	 -413.30000000000007	 -40.30000000000004	 2326.5	 3472.2	 271.0000000000001	 367.09999999999997  0.4853440822241436 	 0.48790092388708306 	 0.4913516782582401 	 0.5117268165009845 	 0.47626515471379455 	
0	  17.6	 23.6	 1690.6	 1785.3	 1088.8	 1352.6999999999998	 -1.000000000000001	 -1.6000000000000005	 -28.69999999999996	 -598.7	 1845.5	 2215.2999999999997	 -164.00000000000003	 -117.70000000000007	  0.5041272612638829 	 0.5208914699449431 	 0.47926480809328903 	 0.5162294492155114 	 0.5223905169575239 	  18.6	 25.200000000000003	 1719.3000000000002	 2384.0	 1326.1	 2011.1000000000001	 1.000000000000001	 1.6000000000000005	 28.69999999999996	 598.7	 2009.5	 2333.0	 164.00000000000003	 117.70000000000007  0.4477634011090573 	 0.49143478553330794 	 0.4808620233320439 	 0.49138806663184165 	 0.4678450125134072 	
1	  18.3	 19.900000000000002	 1543.9	 2472.6	 1087.1000000000001	 2229.0	 -0.7999999999999998	 -0.30000000000000004	 -231.10000000000002	 187.90000000000003	 1974.7000000000003	 4255.8	 329.20000000000005	 -27.300000000000068	  0.5091642563556097 	 0.5213803130077824 	 0.4933234083278898 	 0.46435320391685275 	 0.5038567065279288 	  19.099999999999998	 20.2	 1775.0	 2284.7000000000003	 1371.1	 2085.3	 0.7999999999999998	 0.30000000000000027	 231.10000000000005	 -187.90000000000003	 1645.5	 4283.1	 -329.20000000000005	 27.300000000000068  0.4901443909663088 	 0.499486301369863 	 0.4946713827991318 	 0.4762290990766159 	 0.48643282594308407 	
0	  17.0	 21.000000000000004	 1633.0000000000002	 2058.3	 1153.5	 1767.3	 -5.1	 -3.8	 -310.3	 -472.00000000000006	 2102.3999999999996	 3707.3	 61.599999999999966	 -124.80000000000001	  0.4808620233320439 	 0.5011514821442464 	 0.470348239991898 	 0.5309594460929773 	 0.4963235294117647 	  22.099999999999998	 24.800000000000004	 1943.3	 2530.2999999999997	 1663.1999999999998	 2531.1	 5.1	 3.8000000000000003	 310.30000000000007	 472.0000000000001	 2040.8000000000002	 3832.1000000000004	 -61.59999999999994	 124.80000000000001  0.5142919964819701 	 0.5164560029075637 	 0.49528230267010825 	 0.4851501158883878 	 0.4837743384922616 	
0	  16.4	 22.9	 1500.5	 2230.4	 1159.2	 1940.2000000000003	 -1.9000000000000006	 -1.0999999999999994	 -171.5	 64.09999999999997	 2025.6999999999998	 2986.7999999999997	 -115.60000000000002	 -548.0999999999999	  0.47626515471379455 	 0.4760352760736196 	 0.4932591889325919 	 0.4853440822241436 	 0.50702924576706 	  18.299999999999997	 24.0	 1672.0	 2166.3	 1439.6	 2027.9	 1.9000000000000004	 1.0999999999999994	 171.5	 -64.09999999999997	 2141.3	 3534.9	 115.6	 548.0999999999999  0.5169163294444313 	 0.5180571444712795 	 0.4477634011090573 	 0.49782923299565845 	 0.47658779576587795 	
1	  14.6	 19.700000000000003	 1706.3000000000002	 2254.0	 1139.1999999999998	 2213.3999999999996	 0.4999999999999998	 1.7000000000000008	 156.89999999999998	 -19.19999999999996	 2131.2000000000003	 3745.8000000000006	 -180.3999999999999	 -437.59999999999985	  0.5011514821442464 	 0.5041272612638829 	 0.5015551625297311 	 0.5071704113784269 	 0.5309594460929773 	  14.100000000000001	 18.0	 1549.4	 2273.2	 1149.2	 1814.4	 -0.4999999999999998	 -1.7000000000000008	 -156.89999999999998	 19.19999999999996	 2311.6	 4183.4	 180.39999999999995	 437.5999999999998  0.48749928156790623 	 0.5034008371291395 	 0.49138806663184165 	 0.5060474641609445 	 0.4477634011090573 	
0	  17.8	 14.3	 1762.0	 1821.0	 1166.2	 1502.2	 -1.3000000000000003	 -2.299999999999999	 74.39999999999998	 -323.9	 1887.3000000000002	 4127.799999999999	 18.100000000000108	 509.1	  0.5071704113784269 	 0.5011514821442464 	 0.4873607730978985 	 0.5011879292206948 	 0.5108397124992695 	  19.1	 16.6	 1687.6000000000001	 2144.8999999999996	 1189.2	 2107.8999999999996	 1.3000000000000003	 2.2999999999999994	 -74.39999999999998	 323.9	 1869.1999999999998	 3618.7	 -18.100000000000108	 -509.1  0.4853440822241436 	 0.48790092388708306 	 0.5349685920519321 	 0.507259340810569 	 0.4837743384922616 	
0	  17.2	 19.799999999999997	 1733.7	 2339.7	 1407.4	 1908.4	 -3.3999999999999995	 -5.199999999999999	 -35.50000000000003	 -157.30000000000015	 2317.1	 4345.8	 -54.899999999999906	 299.0000000000001	  0.49143478553330794 	 0.5169163294444313 	 0.5349685920519321 	 0.48752128913926374 	 0.4845448992058644 	  20.6	 25.0	 1769.2	 2497.0	 1272.3999999999999	 2274.3	 3.3999999999999995	 5.199999999999999	 35.50000000000003	 157.30000000000015	 2372.0	 4046.8	 54.89999999999989	 -299.0000000000001  0.4762290990766159 	 0.5377383474576272 	 0.5164560029075637 	 0.5019054432893354 	 0.4932423651721897 	
1	  21.700000000000003	 22.3	 1836.6999999999998	 2059.7000000000003	 1358.5000000000002	 1943.8	 5.699999999999999	 3.8	 303.29999999999995	 -276.29999999999995	 2362.2999999999997	 3938.7000000000003	 431.5	 911.8	  0.4933234083278898 	 0.5092912519553745 	 0.5051748899148992 	 0.48790092388708306 	 0.4853440822241436 	  16.0	 18.5	 1533.4	 2336.0	 1124.4	 1859.0	 -5.699999999999999	 -3.8	 -303.29999999999995	 276.29999999999995	 1930.8	 3026.9	 -431.5	 -911.8000000000001  0.49489295944519823 	 0.5216623414071511 	 0.4922352259809554 	 0.5172697569441616 	 0.4837743384922616 	
0	  18.200000000000003	 20.799999999999997	 1702.6000000000001	 2034.2	 1293.1999999999998	 1711.3000000000002	 -0.6999999999999997	 1.0000000000000004	 -141.59999999999985	 -293.5	 1740.2	 3503.8	 -86.19999999999999	 332.8	  0.4913516782582401 	 0.5108397124992695 	 0.520787485874026 	 0.5117268165009845 	 0.4901443909663088 	  18.9	 19.8	 1844.1999999999998	 2327.7	 1347.3000000000002	 2340.6000000000004	 0.6999999999999997	 -1.0000000000000004	 141.59999999999985	 293.5	 1826.4	 3171.0	 86.19999999999999	 -332.8  0.4477634011090573 	 0.47926480809328903 	 0.470348239991898 	 0.5349685920519321 	 0.4906881313131313 	
0	  21.1	 22.5	 1844.1	 1751.9	 1238.9	 1527.9	 1.6000000000000008	 1.899999999999999	 152.39999999999992	 -711.2000000000002	 2110.3	 3853.1999999999994	 153.1000000000001	 835.5999999999999	  0.48643282594308407 	 0.5065880189980083 	 0.5213803130077824 	 0.5015551625297311 	 0.4760352760736196 	  19.5	 20.6	 1691.7	 2463.1000000000004	 1272.5	 2297.2	 -1.6000000000000008	 -1.899999999999999	 -152.39999999999992	 711.2	 1957.2	 3017.6000000000004	 -153.1000000000001	 -835.5999999999999  0.47818049778834093 	 0.5049051667756703 	 0.47626515471379455 	 0.4762290990766159 	 0.4922352259809554 	
1	  17.7	 22.4	 1710.6	 2265.0	 1222.1000000000001	 2062.3	 -0.7000000000000004	 -1.299999999999999	 48.799999999999926	 291.40000000000003	 1825.3	 2747.5999999999995	 -272.6	 90.9	  0.51785023049583 	 0.5117268165009845 	 0.5169163294444313 	 0.5011514821442464 	 0.5030250161803191 	  18.4	 23.7	 1661.7999999999997	 1973.6	 1060.5	 1573.4	 0.7000000000000004	 1.299999999999999	 -48.79999999999991	 -291.40000000000003	 2097.9	 2656.7	 272.6	 -90.9  0.49138806663184165 	 0.5208914699449431 	 0.49221238938053097 	 0.4477634011090573 	 0.47626515471379455 	
1	  15.7	 21.0	 1787.8999999999999	 2218.1	 1172.7	 2009.4	 3.8	 6.5	 186.30000000000007	 423.80000000000007	 1927.5	 3254.0	 -395.5000000000001	 -1025.1	  0.5314717679728479 	 0.48110957004160887 	 0.4932423651721897 	 0.5032257135451168 	 0.45439506393633194 	  11.9	 14.5	 1601.6	 1794.3	 853.7	 1320.0	 -3.8	 -6.499999999999999	 -186.30000000000007	 -423.80000000000007	 2323.0	 4279.1	 395.50000000000006	 1025.1  0.514955600560835 	 0.4851501158883878 	 0.4762290990766159 	 0.49489295944519823 	 0.5164560029075637 	
1	  21.5	 22.499999999999996	 1851.9	 1854.4	 1409.0	 1907.9	 4.2	 1.6	 249.00000000000006	 -93.3000000000001	 1591.3999999999999	 3141.9	 -231.09999999999997	 100.60000000000005	  0.520787485874026 	 0.4901443909663088 	 0.5238912879127638 	 0.49782923299565845 	 0.5038567065279288 	  16.4	 22.700000000000003	 1568.1999999999998	 2120.6000000000004	 1096.3	 1829.9	 -4.2	 -1.6	 -249.00000000000006	 93.3000000000001	 1957.8000000000002	 3318.2000000000003	 231.09999999999997	 -100.60000000000005  0.5032257135451168 	 0.5034008371291395 	 0.5033755969043306 	 0.4477634011090573 	 0.47818049778834093 	
0	  20.099999999999998	 17.799999999999997	 1650.5	 1968.6999999999998	 1081.1	 1753.6000000000001	 1.0999999999999988	 -5.699999999999999	 -200.70000000000002	 -48.80000000000007	 1778.3000000000002	 2868.3	 -108.79999999999993	 -563.9999999999999	  0.5092912519553745 	 0.5377383474576272 	 0.470348239991898 	 0.5216623414071511 	 0.523247090506877 	  19.0	 23.5	 1851.2	 2017.5	 1281.3	 1782.4	 -1.099999999999999	 5.699999999999999	 200.7	 48.80000000000007	 1887.1	 3432.3	 108.79999999999994	 563.9999999999998  0.4866666666666667 	 0.4873607730978985 	 0.48790092388708306 	 0.50702924576706 	 0.4946713827991318 	
1	  20.200000000000003	 20.9	 1744.1000000000001	 2191.5	 1155.6	 1993.7	 5.7	 6.8999999999999995	 90.0	 181.8000000000001	 1850.7	 4059.8	 134.0	 803.0	  0.4933234083278898 	 0.5314717679728479 	 0.49489295944519823 	 0.4678450125134072 	 0.48520973761907416 	  14.5	 14.0	 1654.1	 2009.6999999999998	 1038.3	 1630.8	 -5.7	 -6.899999999999999	 -90.0	 -181.80000000000007	 1716.6999999999998	 3256.7999999999993	 -134.0	 -802.9999999999999  0.5031076295236532 	 0.5117268165009845 	 0.5120610951258032 	 0.51785023049583 	 0.5022769890168765 	
1	  22.6	 27.6	 1834.4	 2399.3	 1370.6	 2298.9	 7.200000000000001	 8.399999999999999	 172.7	 462.9	 1697.8	 2817.7000000000003	 -231.09999999999994	 -47.39999999999992	  0.5267802630848643 	 0.4853440822241436 	 0.5333229280474481 	 0.4873607730978985 	 0.5162294492155114 	  15.399999999999999	 19.200000000000003	 1661.7	 1936.4	 1008.1999999999999	 1455.1999999999998	 -7.200000000000001	 -8.399999999999999	 -172.7	 -462.9	 1928.9	 2865.1	 231.09999999999994	 47.39999999999995  0.48752128913926374 	 0.523247090506877 	 0.5051748899148992 	 0.51785023049583 	 0.4966600122850123 	
0	  15.399999999999999	 17.9	 1552.8	 1440.2000000000003	 1212.3	 1367.9	 -1.9000000000000001	 0.9999999999999997	 -197.39999999999995	 -851.9999999999998	 2478.2	 3504.4000000000005	 597.6	 1177.5	  0.5120610951258032 	 0.4851501158883878 	 0.4933234083278898 	 0.4808620233320439 	 0.49754191352577837 	  17.3	 16.9	 1750.2	 2292.2	 1315.9	 2363.8	 1.9000000000000004	 -0.9999999999999996	 197.39999999999998	 851.9999999999998	 1880.6	 2326.9	 -597.6	 -1177.5  0.5030250161803191 	 0.5180571444712795 	 0.4932423651721897 	 0.4892666762714306 	 0.5034008371291395 	
1	  20.400000000000002	 17.8	 1689.7	 1808.1000000000004	 1201.1000000000001	 1928.1999999999998	 4.9	 -0.10000000000000009	 -83.0000000000001	 -524.4000000000001	 1940.8	 4029.4	 48.60000000000002	 330.9999999999999	  0.523247090506877 	 0.5019054432893354 	 0.48752128913926374 	 0.5169163294444313 	 0.5008409014463505 	  15.5	 17.9	 1772.7000000000003	 2332.5	 1107.5	 2063.6	 -4.9	 0.10000000000000009	 83.0000000000001	 524.4000000000001	 1892.1999999999998	 3698.3999999999996	 -48.60000000000002	 -330.9999999999999  0.5034008371291395 	 0.4845448992058644 	 0.4853440822241436 	 0.4873607730978985 	 0.4866666666666667 	
1	  15.399999999999999	 17.6	 1602.6999999999998	 2050.4	 1136.5	 1831.8	 1.9	 -2.1	 251.90000000000003	 -255.1	 1921.3	 4150.400000000001	 -192.09999999999997	 114.69999999999999	  0.4867730681537236 	 0.4762290990766159 	 0.45439506393633194 	 0.4678450125134072 	 0.47626515471379455 	  12.6	 20.3	 1423.7999999999997	 2507.5	 1081.8	 2242.1	 -1.9	 2.1	 -251.90000000000003	 255.1	 2324.9	 3682.9000000000005	 192.09999999999997	 -114.69999999999999  0.5049051667756703 	 0.530737561928686 	 0.479976020594078 	 0.4922352259809554 	 0.5162294492155114 	
0	  15.599999999999998	 15.200000000000003	 1556.5	 2053.8	 1135.4	 1634.6000000000001	 -4.199999999999998	 -6.599999999999999	 -441.70000000000005	 -115.50000000000006	 2301.1000000000004	 3516.7	 153.50000000000003	 -91.59999999999992	  0.46695837081867997 	 0.50702924576706 	 0.5030250161803191 	 0.5172697569441616 	 0.5091642563556097 	  19.799999999999997	 21.799999999999997	 1998.1999999999998	 2169.3	 1400.8	 2190.8	 4.199999999999998	 6.599999999999999	 441.70000000000005	 115.50000000000007	 2147.6	 3608.3	 -153.50000000000003	 91.59999999999992  0.47626515471379455 	 0.5231073817828349 	 0.499486301369863 	 0.49023043897310087 	 0.5011879292206948 	
1	  18.900000000000002	 21.900000000000002	 1729.7	 2294.3	 1186.1	 2061.2	 2.600000000000001	 2.8999999999999995	 227.7	 380.0	 2036.1000000000001	 3569.9	 -117.10000000000002	 -121.60000000000014	  0.48550792608573307 	 0.4933234083278898 	 0.47412895719796705 	 0.4853440822241436 	 0.5092912519553745 	  16.3	 19.0	 1502.0	 1914.3	 1022.5000000000001	 1509.2	 -2.600000000000001	 -2.8999999999999995	 -227.7	 -380.0	 2153.2	 3691.5	 117.10000000000002	 121.60000000000011  0.5011514821442464 	 0.4922352259809554 	 0.49221238938053097 	 0.4873607730978985 	 0.4587053847485716 	
0	  17.2	 12.999999999999998	 1588.3	 1640.6	 1145.8000000000002	 1412.6	 -3.4000000000000004	 -9.8	 -238.2	 -592.2000000000002	 1970.5	 3028.0	 -67.99999999999997	 -566.3999999999997	  0.5011879292206948 	 0.4867730681537236 	 0.514955600560835 	 0.49528230267010825 	 0.5216623414071511 	  20.599999999999998	 22.800000000000004	 1826.5	 2232.8	 1391.4	 2475.1	 3.4000000000000004	 9.8	 238.19999999999996	 592.2	 2038.5	 3594.3999999999996	 67.99999999999996	 566.3999999999997  0.5041272612638829 	 0.5314717679728479 	 0.5030250161803191 	 0.5307132571025301 	 0.5033755969043306 	
0	  18.799999999999997	 20.200000000000003	 1583.1999999999998	 1842.3	 1142.1999999999998	 1534.9	 2.2	 0.3000000000000007	 -73.2	 -448.6	 2006.7000000000003	 4396.1	 193.89999999999986	 887.3000000000002	  0.5185429589547315 	 0.4477634011090573 	 0.5164560029075637 	 0.5038567065279288 	 0.4851501158883878 	  16.6	 19.9	 1656.4	 2290.9	 1143.4	 2204.3999999999996	 -2.2	 -0.3000000000000007	 73.2	 448.6	 1812.8000000000002	 3508.8	 -193.8999999999999	 -887.3000000000001  0.4853440822241436 	 0.514955600560835 	 0.5079325177364393 	 0.47412895719796705 	 0.5414239482200647 	
1	  22.4	 27.7	 1836.1	 2967.9000000000005	 1273.4	 2605.4999999999995	 1.5000000000000002	 7.800000000000001	 10.099999999999909	 1061.6	 1579.5000000000002	 3923.2999999999997	 78.39999999999993	 773.3000000000002	  0.507259340810569 	 0.5061780388204947 	 0.46251812375093065 	 0.50702924576706 	 0.5058192490638599 	  20.9	 19.9	 1826.0	 1906.3000000000002	 1303.6	 1571.6	 -1.5000000000000002	 -7.800000000000001	 -10.099999999999909	 -1061.6	 1501.1000000000001	 3150.0	 -78.39999999999993	 -773.3  0.4762290990766159 	 0.470348239991898 	 0.47412895719796705 	 0.4808620233320439 	 0.4873607730978985 	
1	  17.6	 19.700000000000003	 1786.0	 2544.0	 1109.1	 2568.3	 1.6000000000000003	 2.7999999999999994	 125.70000000000005	 518.8000000000001	 1747.1	 3833.2000000000003	 -294.0	 -275.9	  0.4853440822241436 	 0.5022769890168765 	 0.5169163294444313 	 0.4587053847485716 	 0.5162294492155114 	  16.0	 16.9	 1660.2999999999997	 2025.1999999999998	 1088.0	 1783.0	 -1.6	 -2.8	 -125.70000000000006	 -518.8000000000001	 2041.1	 4109.1	 294.0	 275.9  0.4892666762714306 	 0.4906881313131313 	 0.4808620233320439 	 0.4867730681537236 	 0.48752128913926374 	
0	  17.099999999999998	 18.0	 1483.4	 1698.3	 986.6	 1335.5	 -0.09999999999999964	 -5.200000000000001	 -274.20000000000005	 -634.3000000000001	 2081.1	 3566.2999999999997	 241.59999999999997	 -22.499999999999858	  0.4873607730978985 	 0.5307132571025301 	 0.5044402092372572 	 0.48752128913926374 	 0.46695837081867997 	  17.2	 23.2	 1757.6	 2332.6000000000004	 1271.0	 2190.3	 0.09999999999999964	 5.200000000000001	 274.20000000000005	 634.3000000000001	 1839.5	 3588.7999999999997	 -241.59999999999997	 22.499999999999886  0.47445529676934634 	 0.5011514821442464 	 0.47626515471379455 	 0.51785023049583 	 0.49782923299565845 	
0	  16.799999999999997	 19.4	 1872.6	 2141.4	 1238.1999999999998	 2000.0	 -1.0	 1.899999999999999	 281.9999999999999	 146.9000000000001	 1735.4	 3780.5999999999995	 -40.80000000000002	 147.79999999999984	  0.5041272612638829 	 0.49754191352577837 	 0.46695837081867997 	 0.5019054432893354 	 0.5015551625297311 	  17.8	 17.5	 1590.6	 1994.5	 978.2	 1667.1000000000001	 1.0	 -1.899999999999999	 -281.99999999999994	 -146.90000000000006	 1776.2	 3632.8	 40.80000000000002	 -147.79999999999984  0.4867730681537236 	 0.48550792608573307 	 0.51785023049583 	 0.5120610951258032 	 0.4678450125134072 	
0	  15.5	 17.3	 1647.2	 2330.2	 1186.4	 2050.4	 0.09999999999999998	 -1.600000000000001	 -112.69999999999997	 318.40000000000003	 2204.1000000000004	 3263.5	 53.39999999999998	 -827.0999999999997	  0.46695837081867997 	 0.5180571444712795 	 0.4892666762714306 	 0.4946713827991318 	 0.5091642563556097 	  15.4	 18.9	 1759.8999999999999	 2011.8	 1267.0	 1875.3	 -0.09999999999999987	 1.6000000000000012	 112.69999999999997	 -318.40000000000003	 2150.7	 4090.6000000000004	 -53.39999999999998	 827.0999999999997  0.5162294492155114 	 0.5065880189980083 	 0.4869932405817196 	 0.51785023049583 	 0.48752128913926374 	
1	  21.299999999999997	 28.099999999999998	 1815.3999999999999	 2492.1000000000004	 1286.7	 2282.9	 1.5999999999999994	 4.400000000000002	 82.89999999999996	 227.79999999999993	 1870.8000000000002	 2861.7	 -144.60000000000002	 -291.7000000000001	  0.5092912519553745 	 0.45559968890617186 	 0.5032257135451168 	 0.5058192490638599 	 0.5216623414071511 	  19.699999999999996	 23.7	 1732.5	 2264.3	 1152.5	 1649.0	 -1.5999999999999994	 -4.400000000000001	 -82.89999999999996	 -227.79999999999993	 2015.4	 3153.4	 144.60000000000002	 291.7000000000001  0.4806266788098175 	 0.4922352259809554 	 0.49782923299565845 	 0.5051748899148992 	 0.5038567065279288 	
1	  18.4	 23.400000000000002	 1783.8000000000002	 2188.8	 1314.8000000000002	 2117.3	 -2.4	 2.1999999999999997	 64.80000000000003	 -76.2999999999999	 1600.5000000000002	 2982.7	 -380.3999999999999	 -549.0000000000001	  0.51785023049583 	 0.47412895719796705 	 0.5164560029075637 	 0.4933234083278898 	 0.4853440822241436 	  20.799999999999997	 21.200000000000003	 1719.0	 2265.1	 1098.7	 1924.0000000000002	 2.4	 -2.1999999999999997	 -64.80000000000003	 76.2999999999999	 1980.9	 3531.7000000000003	 380.3999999999999	 549.0000000000001  0.49489295944519823 	 0.4867730681537236 	 0.4678450125134072 	 0.5216623414071511 	 0.5231073817828349 	
0	  12.200000000000001	 13.899999999999999	 1775.8999999999999	 1701.1	 1335.6000000000001	 1622.6000000000001	 -0.8999999999999997	 -3.1	 240.29999999999993	 -570.9	 2200.7000000000003	 3478.6	 -290.69999999999993	 -337.2999999999998	  0.47412895719796705 	 0.5164560029075637 	 0.4853440822241436 	 0.48110957004160887 	 0.4867730681537236 	  13.100000000000001	 17.0	 1535.6000000000001	 2272.0	 1185.5	 1998.6	 0.8999999999999997	 3.1	 -240.29999999999993	 570.9	 2491.4	 3815.8999999999996	 290.69999999999993	 337.2999999999998  0.5091642563556097 	 0.5117268165009845 	 0.4808620233320439 	 0.5309594460929773 	 0.5015551625297311 	
1	  19.099999999999998	 22.299999999999997	 1763.8999999999999	 2481.3	 1203.5	 2276.5	 1.0	 1.8999999999999992	 12.499999999999929	 461.3000000000001	 2153.6	 3770.6	 190.8	 74.4	  0.5117268165009845 	 0.4853440822241436 	 0.4892666762714306 	 0.5030250161803191 	 0.5172697569441616 	  18.099999999999998	 20.400000000000002	 1751.3999999999999	 2020.0	 1254.9	 1526.6	 -1.0	 -1.8999999999999992	 -12.499999999999929	 -461.30000000000007	 1962.7999999999997	 3696.2000000000003	 -190.8	 -74.40000000000003  0.4851501158883878 	 0.4913516782582401 	 0.5091642563556097 	 0.4933234083278898 	 0.48550792608573307 	
1	  15.9	 18.299999999999997	 1609.6	 1894.2999999999997	 1261.8000000000002	 1737.5	 -3.0	 -3.9999999999999996	 125.79999999999998	 23.999999999999886	 1739.0	 2020.1999999999998	 -430.5	 -1228.8999999999999	  0.5038567065279288 	 0.4600315771007543 	 0.5041272612638829 	 0.5309594460929773 	 0.49138806663184165 	  18.900000000000002	 22.3	 1483.8000000000002	 1870.3000000000002	 1094.5000000000002	 1579.1999999999998	 2.999999999999999	 3.9999999999999996	 -125.79999999999995	 -23.999999999999886	 2169.5	 3249.1	 430.5	 1228.8999999999999  0.45439506393633194 	 0.4867730681537236 	 0.4853440822241436 	 0.48643282594308407 	 0.5023762021116815 	
1	  19.5	 16.2	 1733.3000000000002	 1866.0	 1196.9	 1484.1999999999998	 -1.8000000000000014	 -7.6	 -65.29999999999993	 -356.5	 1724.8	 2989.0	 156.2	 654.7	  0.5038567065279288 	 0.4946713827991318 	 0.4901443909663088 	 0.4837743384922616 	 0.5085590949687407 	  21.299999999999997	 23.800000000000004	 1798.6	 2222.5	 1124.5	 1904.2	 1.8000000000000014	 7.6	 65.29999999999993	 356.5	 1568.6000000000001	 2334.3	 -156.2	 -654.6999999999999  0.48752128913926374 	 0.5091642563556097 	 0.4760352760736196 	 0.4762290990766159 	 0.5349685920519321 	
0	  21.8	 21.900000000000002	 1577.1000000000001	 1631.1999999999998	 1072.1	 1416.2	 1.9000000000000008	 0.29999999999999993	 -208.09999999999997	 -449.4	 1755.0	 2502.9	 445.3999999999999	 235.69999999999993	  0.514955600560835 	 0.47926480809328903 	 0.5011879292206948 	 0.4867730681537236 	 0.47626515471379455 	  19.9	 21.6	 1785.2	 2080.6	 1226.1999999999998	 2081.8999999999996	 -1.9000000000000012	 -0.2999999999999996	 208.09999999999997	 449.4	 1309.6000000000001	 2267.2000000000003	 -445.39999999999986	 -235.7  0.5208914699449431 	 0.47658779576587795 	 0.5213803130077824 	 0.530737561928686 	 0.5172697569441616 	
0	  19.1	 20.6	 1664.6	 2057.1000000000004	 1098.6000000000001	 1924.5	 -1.9999999999999996	 -3.9	 -139.39999999999998	 -509.69999999999993	 1811.9	 4140.4	 -128.7	 512.5	  0.5213803130077824 	 0.5217391304347826 	 0.48550792608573307 	 0.5034008371291395 	 0.4933234083278898 	  21.1	 24.5	 1804.0000000000002	 2566.7999999999997	 1275.4	 2278.8	 1.9999999999999996	 3.9	 139.39999999999998	 509.69999999999993	 1940.6	 3627.8999999999996	 128.7	 -512.5  0.4901443909663088 	 0.479976020594078 	 0.4851501158883878 	 0.5061780388204947 	 0.48148148148148145 	
0	  19.700000000000003	 21.2	 1645.2	 2001.1999999999998	 1158.0	 1479.3999999999999	 -2.6000000000000005	 -7.799999999999999	 -210.40000000000003	 -765.6999999999999	 1939.5	 3460.1	 70.40000000000003	 297.4	  0.5032257135451168 	 0.51785023049583 	 0.5030250161803191 	 0.49023043897310087 	 0.4877646087623091 	  22.3	 29.0	 1855.6	 2766.9	 1380.6999999999998	 2470.9	 2.6000000000000005	 7.799999999999999	 210.40000000000003	 765.7	 1869.1000000000001	 3162.7	 -70.40000000000003	 -297.40000000000003  0.4867730681537236 	 0.5079325177364393 	 0.5309594460929773 	 0.5092912519553745 	 0.5185429589547315 	
0	  20.9	 22.1	 1847.0	 2051.0	 1252.5	 1724.3000000000002	 -1.0000000000000009	 -1.0000000000000009	 -34.400000000000034	 -365.5	 1743.4	 3256.2	 -180.2	 71.00000000000006	  0.5164560029075637 	 0.51785023049583 	 0.5044402092372572 	 0.4851501158883878 	 0.49138806663184165 	  21.9	 23.099999999999998	 1881.4	 2416.5	 1258.2	 2219.8	 1.0000000000000004	 1.0000000000000007	 34.400000000000034	 365.50000000000006	 1923.6000000000001	 3185.2	 180.2	 -71.00000000000006  0.5217391304347826 	 0.4932423651721897 	 0.5038567065279288 	 0.523247090506877 	 0.5091642563556097 	
1	  17.099999999999998	 19.5	 1732.7	 2095.9000000000005	 1184.4	 1864.6	 1.100000000000001	 -0.7999999999999995	 183.79999999999995	 57.30000000000001	 1901.6	 3692.8999999999996	 -221.1999999999999	 255.60000000000002	  0.5058192490638599 	 0.5172697569441616 	 0.49782923299565845 	 0.5030250161803191 	 0.5051748899148992 	  15.999999999999996	 20.299999999999997	 1548.9	 2038.6	 984.9	 1648.0	 -1.100000000000001	 0.7999999999999995	 -183.79999999999995	 -57.30000000000001	 2122.7999999999997	 3437.3	 221.2	 -255.6  0.499486301369863 	 0.51785023049583 	 0.49489295944519823 	 0.5178409309747173 	 0.5032257135451168